{"Kamina, Congo (Kinshasa)": {"dists": [1820.5400104299683], "times": [6.033333333333347], "mean_dist": 1820.5400104299683, "mean_time": 6.033333333333347, "std_dist": 0, "std_time": 0, "regions": ["Unknown"], "countries": ["Unknown"]}, "Eldoret, Kenya": {"dists": [347.1816940833127, 282.4314600090692, 2507.540943870188], "times": [8.13333333333334, 6.466666666666679, 6.033333333333347], "mean_dist": 1045.71803265419, "mean_time": 6.87777777777779, "std_dist": 1034.0028420399947, "std_time": 0.9052658023141602, "regions": ["Unknown", "Unknown", "Unknown"], "countries": ["Unknown", "Unknown", "Unknown"]}, "Chimoio, Mozambique": {"dists": [224.35461751536837, 3073.3855084149, 1184.8472386505996], "times": [5.700000000000015, 5.966666666666681, 4.933333333333351], "mean_dist": 1494.1957881936225, "mean_time": 5.533333333333349, "std_dist": 1183.5023301352146, "std_time": 0.43800896320948784, "regions": ["Unknown", "Unknown", "Unknown"], "countries": ["Unknown", "Unknown", "Unknown"]}, "Kano, Nigeria": {"dists": [515.820685743093, 320.20845330965716, 2063.8745552698697], "times": [7.633333333333342, 6.633333333333345, 5.800000000000015], "mean_dist": 966.6345647742068, "mean_time": 6.688888888888901, "std_dist": 779.9648427660442, "std_time": 0.7494854201795551, "regions": ["Unknown", "Unknown", "Unknown"], "countries": ["Unknown", "Unknown", "Unknown"]}, "Arusha, Tanzania": {"dists": [3128.299192969561, 447.66006721824544, 2492.475505090847], "times": [3.8333333333333552, 4.30000000000002, 6.833333333333345], "mean_dist": 2022.8115884262177, "mean_time": 4.988888888888907, "std_dist": 1143.6475787554382, "std_time": 1.3180606778966102, "regions": ["Unknown", "Unknown", "Unknown"], "countries": ["Unknown", "Unknown", "Unknown"]}, "Kigali, Rwanda": {"dists": [67.75621180623622, 954.7396213203103, 3896.253447548246], "times": [3.8666666666666885, 6.000000000000014, 6.133333333333347], "mean_dist": 1639.5830935582642, "mean_time": 5.33333333333335, "std_dist": 1636.277422916879, "std_time": 1.0385174618264783, "regions": ["Unknown", "Unknown", "Unknown"], "countries": ["Unknown", "Unknown", "Unknown"]}, "Benoni, South Africa": {"dists": [455.73669672971647, 1228.9796656223357, 649.9829912110694], "times": [4.233333333333354, 7.700000000000008, 5.933333333333348], "mean_dist": 778.2331178543737, "mean_time": 5.95555555555557, "std_dist": 328.4430376523817, "std_time": 1.4153479701272036, "regions": ["Unknown", "Unknown", "Unknown"], "countries": ["Unknown", "Unknown", "Unknown"]}, "Suez, Egypt": {"dists": [63.364235936025274, 126.50377910728838, 6.900133906831518], "times": [8.03333333333334, 7.866666666666674, 6.933333333333344], "mean_dist": 65.58938298338173, "mean_time": 7.611111111111119, "std_dist": 48.853327732755055, "std_time": 0.4840671313509308, "regions": ["Unknown", "Unknown", "Unknown"], "countries": ["Unknown", "Unknown", "Unknown"]}, "Kitwe, Zambia": {"dists": [5461.138055550355, 4453.466276725928, 2018.742069811093], "times": [1.7666666666666944, 6.033333333333347, 6.36666666666668], "mean_dist": 3977.782134029125, "mean_time": 4.72222222222224, "std_dist": 1445.044193872824, "std_time": 2.0943191828148224, "regions": ["Unknown", "Unknown", "Unknown"], "countries": ["Unknown", "Unknown", "Unknown"]}, "Bamenda, Cameroon": {"dists": [684.1566536705209, 3539.231201385677, 1118.7455056198432], "times": [1.8333333333333612, 5.566666666666682, 6.600000000000012], "mean_dist": 1780.7111202253473, "mean_time": 4.666666666666686, "std_dist": 1256.05507428158, "std_time": 2.047401243491813, "regions": ["Unknown", "Unknown", "Unknown"], "countries": ["Unknown", "Unknown", "Unknown"]}, "Blantyre, Malawi": {"dists": [5801.2166973070725, 374.31245052520956, 5591.238162201602], "times": [2.43333333333336, 3.2333333333333574, 7.20000000000001], "mean_dist": 3922.2557700112943, "mean_time": 4.288888888888909, "std_dist": 2510.238912270532, "std_time": 2.084214628411364, "regions": ["Unknown", "Unknown", "Unknown"], "countries": ["Unknown", "Unknown", "Unknown"]}, "Souk Ahras, Algeria": {"dists": [440.25485262383756, 495.0609519455541, 506.64197366652843], "times": [6.400000000000013, 7.20000000000001, 5.300000000000017], "mean_dist": 480.6525927453067, "mean_time": 6.300000000000014, "std_dist": 28.954136966551516, "std_time": 0.7788880963698588, "regions": ["Unknown", "Unknown", "Unknown"], "countries": ["Unknown", "Unknown", "Unknown"]}}