{
  "Kaohsiung, Taiwan": {
    "mean_dist": 328.1306924787653,
    "mean_time": 5.800000000000015,
    "std_dist": 0,
    "std_time": 0,
    "admin": "Kaohsiung",
    "country": "Taiwan",
    "regions": [
      "California"
    ],
    "countries": [
      "United States"
    ],
    "dists": [
      328.1306924787653
    ],
    "times": [
      5.800000000000015
    ]
  },
  "Siping, Jilin, China": {
    "mean_dist": 737.8405298366779,
    "mean_time": 7.000000000000011,
    "std_dist": 0,
    "std_time": 0,
    "admin": "Jilin",
    "country": "China",
    "regions": [
      "California"
    ],
    "countries": [
      "United States"
    ],
    "dists": [
      737.8405298366779
    ],
    "times": [
      7.000000000000011
    ]
  },
  "Irbid, Jordan": {
    "mean_dist": 176.44373654601145,
    "mean_time": 7.10000000000001,
    "std_dist": 0,
    "std_time": 0,
    "admin": "Irbid",
    "country": "Jordan",
    "regions": [
      "California"
    ],
    "countries": [
      "United States"
    ],
    "dists": [
      176.44373654601145
    ],
    "times": [
      7.10000000000001
    ]
  },
  "Kirkuk, Iraq": {
    "mean_dist": 154.49822037757744,
    "mean_time": 7.833333333333341,
    "std_dist": 0,
    "std_time": 0,
    "admin": "Kirk\u016bk",
    "country": "Iraq",
    "regions": [
      "California"
    ],
    "countries": [
      "United States"
    ],
    "dists": [
      154.49822037757744
    ],
    "times": [
      7.833333333333341
    ]
  },
  "Kursk, Russia": {
    "mean_dist": 238.48262600003497,
    "mean_time": 6.766666666666678,
    "std_dist": 0,
    "std_time": 0,
    "admin": "Kurskaya Oblast\u2019",
    "country": "Russia",
    "regions": [
      "California"
    ],
    "countries": [
      "United States"
    ],
    "dists": [
      238.48262600003497
    ],
    "times": [
      6.766666666666678
    ]
  },
  "Madura, Tamil N\u0101du, India": {
    "regions": [],
    "countries": [],
    "dists": [],
    "times": []
  },
  "Ad Damm\u0101m, Saudi Arabia": {
    "mean_dist": 879.7406266354856,
    "mean_time": 7.033333333333344,
    "std_dist": 333.0662400193335,
    "std_time": 0.6333333333333311,
    "admin": "Ash Sharq\u012byah",
    "country": "Saudi Arabia",
    "regions": [
      "California",
      "Ontario"
    ],
    "countries": [
      "United States",
      "Canada"
    ],
    "dists": [
      546.674386616152,
      1212.806866654819
    ],
    "times": [
      7.666666666666675,
      6.400000000000013
    ]
  },
  "Batangas, Philippines": {
    "mean_dist": 237.02761322063435,
    "mean_time": 7.1333333333333435,
    "std_dist": 0,
    "std_time": 0,
    "admin": "Batangas",
    "country": "Philippines",
    "regions": [
      "New York"
    ],
    "countries": [
      "United States"
    ],
    "dists": [
      237.02761322063435
    ],
    "times": [
      7.1333333333333435
    ]
  },
  "Changwon, Korea, South": {
    "regions": [],
    "countries": [],
    "dists": [],
    "times": []
  },
  "Phnom Penh, Cambodia": {
    "mean_dist": 371.25733413612846,
    "mean_time": 4.666666666666686,
    "std_dist": 264.3473532587644,
    "std_time": 0.5333333333333314,
    "admin": "Phnom Penh",
    "country": "Cambodia",
    "regions": [
      "California",
      "Ontario"
    ],
    "countries": [
      "United States",
      "Canada"
    ],
    "dists": [
      635.6046873948928,
      106.90998087736409
    ],
    "times": [
      5.200000000000017,
      4.133333333333354
    ]
  },
  "Her\u0101t, Afghanistan": {
    "mean_dist": 468.8383180338398,
    "mean_time": 6.300000000000013,
    "std_dist": 0,
    "std_time": 0,
    "admin": "Her\u0101t",
    "country": "Afghanistan",
    "regions": [
      "New York"
    ],
    "countries": [
      "United States"
    ],
    "dists": [
      468.8383180338398
    ],
    "times": [
      6.300000000000013
    ]
  },
  "Rizhao, Shandong, China": {
    "mean_dist": 1690.4381315542441,
    "mean_time": 6.966666666666677,
    "std_dist": 0,
    "std_time": 0,
    "admin": "Shandong",
    "country": "China",
    "regions": [
      "New York"
    ],
    "countries": [
      "United States"
    ],
    "dists": [
      1690.4381315542441
    ],
    "times": [
      6.966666666666677
    ]
  },
  "Niigata, Japan": {
    "mean_dist": 344.5280204538197,
    "mean_time": 7.800000000000008,
    "std_dist": 0,
    "std_time": 0,
    "admin": "Niigata",
    "country": "Japan",
    "regions": [
      "New York"
    ],
    "countries": [
      "United States"
    ],
    "dists": [
      344.5280204538197
    ],
    "times": [
      7.800000000000008
    ]
  },
  "Mecca, Saudi Arabia": {
    "mean_dist": 243.29637622878707,
    "mean_time": 7.666666666666675,
    "std_dist": 0,
    "std_time": 0,
    "admin": "Makkah al Mukarramah",
    "country": "Saudi Arabia",
    "regions": [
      "New York"
    ],
    "countries": [
      "United States"
    ],
    "dists": [
      243.29637622878707
    ],
    "times": [
      7.666666666666675
    ]
  },
  "Bhilai, Chhatt\u012bsgarh, India": {
    "mean_dist": 302.87976662114926,
    "mean_time": 4.533333333333353,
    "std_dist": 0,
    "std_time": 0,
    "admin": "Chhatt\u012bsgarh",
    "country": "India",
    "regions": [
      "New York"
    ],
    "countries": [
      "United States"
    ],
    "dists": [
      302.87976662114926
    ],
    "times": [
      4.533333333333353
    ]
  },
  "Nha Trang, Vietnam": {
    "mean_dist": 153.13878749325977,
    "mean_time": 5.900000000000015,
    "std_dist": 0,
    "std_time": 0,
    "admin": "Kh\u00e1nh H\u00f2a",
    "country": "Vietnam",
    "regions": [
      "New York"
    ],
    "countries": [
      "United States"
    ],
    "dists": [
      153.13878749325977
    ],
    "times": [
      5.900000000000015
    ]
  },
  "Qom, Iran": {
    "mean_dist": 400.9712117507573,
    "mean_time": 7.6000000000000085,
    "std_dist": 0,
    "std_time": 0,
    "admin": "Qom",
    "country": "Iran",
    "regions": [
      "New York"
    ],
    "countries": [
      "United States"
    ],
    "dists": [
      400.9712117507573
    ],
    "times": [
      7.6000000000000085
    ]
  },
  "Ipoh, Malaysia": {
    "mean_dist": 1161.797793902608,
    "mean_time": 5.366666666666683,
    "std_dist": 0,
    "std_time": 0,
    "admin": "Perak",
    "country": "Malaysia",
    "regions": [
      "New York"
    ],
    "countries": [
      "United States"
    ],
    "dists": [
      1161.797793902608
    ],
    "times": [
      5.366666666666683
    ]
  },
  "Volgograd, Volgogradskaya Oblast\u2019, Russia": {
    "mean_dist": 5756.282587741689,
    "mean_time": 6.433333333333346,
    "std_dist": 0,
    "std_time": 0,
    "admin": "Volgogradskaya Oblast\u2019",
    "country": "Russia",
    "regions": [
      "New York"
    ],
    "countries": [
      "United States"
    ],
    "dists": [
      5756.282587741689
    ],
    "times": [
      6.433333333333346
    ]
  },
  "Peshawar, Pakistan": {
    "mean_dist": 149.18873368420742,
    "mean_time": 7.000000000000011,
    "std_dist": 0,
    "std_time": 0,
    "admin": "Khyber Pakhtunkhwa",
    "country": "Pakistan",
    "regions": [
      "New York"
    ],
    "countries": [
      "United States"
    ],
    "dists": [
      149.18873368420742
    ],
    "times": [
      7.000000000000011
    ]
  },
  "Diyarbak\u0131r, Turkey": {
    "mean_dist": 130.21102915637988,
    "mean_time": 8.266666666666673,
    "std_dist": 0,
    "std_time": 0,
    "admin": "Diyarbak\u0131r",
    "country": "Turkey",
    "regions": [
      "California"
    ],
    "countries": [
      "United States"
    ],
    "dists": [
      130.21102915637988
    ],
    "times": [
      8.266666666666673
    ]
  },
  "Jinzhou, Liaoning, China": {
    "mean_dist": 808.1290942329927,
    "mean_time": 7.866666666666674,
    "std_dist": 0,
    "std_time": 0,
    "admin": "Liaoning",
    "country": "China",
    "regions": [
      "California"
    ],
    "countries": [
      "United States"
    ],