{
  "Oceania": {
    "num_cities": 361,
    "num_clicks": 998,
    "num_clicks_per_city": 2.7645429362880884
  },
  "NAmerica": {
    "num_cities": 642,
    "num_clicks": 3772,
    "num_clicks_per_city": 5.8753894080996885
  },
  "Europe": {
    "num_cities": 722,
    "num_clicks": 4971,
    "num_clicks_per_city": 6.8850415512465375
  },
  "SAmerica": {
    "num_cities": 239,
    "num_clicks": 557,
    "num_clicks_per_city": 2.3305439330543933
  },
  "Asia": {
    "num_cities": 358,
    "num_clicks": 728,
    "num_clicks_per_city": 2.0335195530726256
  },
  "World": {
    "num_cities": 1245,
    "num_clicks": 9021,
    "num_clicks_per_city": 7.2457831325301205
  },
  "Africa": {
    "num_cities": 304,
    "num_clicks": 615,
    "num_clicks_per_city": 2.023026315789474
  }
}