{
  "World": {
    "num_cities": 1043,
    "num_clicks": 1109629,
    "num_clicks_per_city": 1063.882070949185
  },
  "Trivia": {
    "num_cities": 480,
    "num_clicks": 319583,
    "num_clicks_per_city": 665.7979166666667
  },
  "Europe": {
    "num_cities": 582,
    "num_clicks": 556124,
    "num_clicks_per_city": 955.5395189003436
  },
  "Africa": {
    "num_cities": 451,
    "num_clicks": 196912,
    "num_clicks_per_city": 436.6119733924612
  },
  "Asia": {
    "num_cities": 615,
    "num_clicks": 168165,
    "num_clicks_per_city": 273.4390243902439
  },
  "Oceania": {
    "num_cities": 368,
    "num_clicks": 137500,
    "num_clicks_per_city": 373.64130434782606
  },
  "N. America": {
    "num_cities": 636,
    "num_clicks": 435658,
    "num_clicks_per_city": 684.996855345912
  },
  "S. America": {
    "num_cities": 522,
    "num_clicks": 126410,
    "num_clicks_per_city": 242.1647509578544
  },
  "Afghanistan": {
    "num_cities": 40,
    "num_clicks": 128,
    "num_clicks_per_city": 3.2
  },
  "African Great Lakes": {
    "num_cities": 88,
    "num_clicks": 2427,
    "num_clicks_per_city": 27.579545454545453
  },
  "Algeria": {
    "num_cities": 42,
    "num_clicks": 59,
    "num_clicks_per_city": 1.4047619047619047
  },
  "Alps": {
    "num_cities": 74,
    "num_clicks": 3576,
    "num_clicks_per_city": 48.32432432432432
  },
  "Amazon": {
    "num_cities": 72,
    "num_clicks": 1313,
    "num_clicks_per_city": 18.23611111111111
  },
  "Antarctica": {
    "num_cities": 39,
    "num_clicks": 2890,
    "num_clicks_per_city": 74.1025641025641
  },
  "Arabia": {
    "num_cities": 63,
    "num_clicks": 1753,
    "num_clicks_per_city": 27.825396825396826
  },
  "Arctic": {
    "num_cities": 181,
    "num_clicks": 1964,
    "num_clicks_per_city": 10.850828729281767
  },
  "Argentina": {
    "num_cities": 78,
    "num_clicks": 622,
    "num_clicks_per_city": 7.9743589743589745
  },
  "Australia": {
    "num_cities": 70,
    "num_clicks": 2985,
    "num_clicks_per_city": 42.642857142857146
  },
  "Balkans": {
    "num_cities": 110,
    "num_clicks": 2832,
    "num_clicks_per_city": 25.745454545454546
  },
  "Bangladesh": {
    "num_cities": 15,
    "num_clicks": 18,
    "num_clicks_per_city": 1.2
  },
  "Bolivia": {
    "num_cities": 70,
    "num_clicks": 1185,
    "num_clicks_per_city": 16.928571428571427
  },
  "Brazil": {
    "num_cities": 133,
    "num_clicks": 368,
    "num_clicks_per_city": 2.7669172932330826
  },
  "Cambodia": {
    "num_cities": 12,
    "num_clicks": 14,
    "num_clicks_per_city": 1.1666666666666667
  },
  "Cameroon": {
    "num_cities": 31,
    "num_clicks": 90,
    "num_clicks_per_city": 2.903225806451613
  },
  "Canada": {
    "num_cities": 81,
    "num_clicks": 3747,
    "num_clicks_per_city": 46.25925925925926
  },
  "Caucuses": {
    "num_cities": 85,
    "num_clicks": 1923,
    "num_clicks_per_city": 22.623529411764707
  },
  "Central African Republic": {
    "num_cities": 19,
    "num_clicks": 26,
    "num_clicks_per_city": 1.368421052631579
  },
  "Chad": {
    "num_cities": 15,
    "num_clicks": 16,
    "num_clicks_per_city": 1.0666666666666667
  },
  "China": {
    "num_cities": 188,
    "num_clicks": 3947,
    "num_clicks_per_city": 20.99468085106383
  },
  "Colombia": {
    "num_cities": 72,
    "num_clicks": 960,
    "num_clicks_per_city": 13.333333333333334
  },
  "Democratic Republic of the Congo": {
    "num_cities": 70,
    "num_clicks": 190,
    "num_clicks_per_city": 2.7142857142857144
  },
  "East Asia": {
    "num_cities": 101,
    "num_clicks": 3100,
    "num_clicks_per_city": 30.693069306930692
  },
  "Egypt": {
    "num_cities": 42,
    "num_clicks": 1354,
    "num_clicks_per_city": 32.23809523809524
  },
  "Estonia": {
    "num_cities": 23,
    "num_clicks": 252,
    "num_clicks_per_city": 10.956521739130435
  },
  "Ethiopia": {
    "num_cities": 36,
    "num_clicks": 909,
    "num_clicks_per_city": 25.25
  },
  "France": {
    "num_cities": 58,
    "num_clicks": 2975,
    "num_clicks_per_city": 51.293103448275865
  },
  "Germany": {
    "num_cities": 58,
    "num_clicks": 4928,
    "num_clicks_per_city": 84.96551724137932
  },
  "Greater Antilles": {
    "num_cities": 143,
    "num_clicks": 3433,
    "num_clicks_per_city": 24.006993006993007
  },
  "Himalayas": {
    "num_cities": 97,
    "num_clicks": 1851,
    "num_clicks_per_city": 19.082474226804123
  },
  "India": {
    "num_cities": 188,
    "num_clicks": 596,
    "num_clicks_per_city": 3.1702127659574466
  },
  "Indochina": {
    "num_cities": 109,
    "num_clicks": 3051,
    "num_clicks_per_city": 27.990825688073393
  },
  "Indonesia": {
    "num_cities": 79,
    "num_clicks": 596,
    "num_clicks_per_city": 7.544303797468355
  },
  "Iran": {
    "num_cities": 64,
    "num_clicks": 765,
    "num_clicks_per_city": 11.953125
  },
  "Iraq": {
    "num_cities": 10,
    "num_clicks": 20,
    "num_clicks_per_city": 2.0
  },
  "Italy": {
    "num_cities": 56,
    "num_clicks": 2376,
    "num_clicks_per_city": 42.42857142857143
  },
  "Japan": {
    "num_cities": 74,
    "num_clicks": 1259,
    "num_clicks_per_city": 17.013513513513512
  },
  "Kazakhstan": {
    "num_cities": 23,
    "num_clicks": 55,
    "num_clicks_per_city": 2.391304347826087
  },
  "Kenya": {
    "num_cities": 61,
    "num_clicks": 742,
    "num_clicks_per_city": 12.163934426229508
  },
  "Kyrgyzstan": {
    "num_cities": 18,
    "num_clicks": 422,
    "num_clicks_per_city": 23.444444444444443
  },
  "Latvia": {
    "num_cities": 24,
    "num_clicks": 28,
    "num_clicks_per_city": 1.1666666666666667
  },
  "Lesser Antilles": {
    "num_cities": 21,
    "num_clicks": 4252,
    "num_clicks_per_city": 202.47619047619048
  },
  "Liechtenstein": {
    "num_cities": 11,
    "num_clicks": 868,
    "num_clicks_per_city": 78.9090909090909
  },
  "Lithuania": {
    "num_cities": 54,
    "num_clicks": 528,
    "num_clicks_per_city": 9.777777777777779
  },
  "Mali": {
    "num_cities": 31,
    "num_clicks": 611,
    "num_clicks_per_city": 19.70967741935484
  },
  "Mesopotamia": {
    "num_cities": 112,
    "num_clicks": 1209,
    "num_clicks_per_city": 10.794642857142858
  },
  "Mexico": {
    "num_cities": 187,
    "num_clicks": 1483,
    "num_clicks_per_city": 7.93048128342246
  },
  "Morocco": {
    "num_cities": 29,
    "num_clicks": 875,
    "num_clicks_per_city": 30.17241379310345
  },
  "Myanmar": {
    "num_cities": 10,
    "num_clicks": 30,
    "num_clicks_per_city": 3.0
  },
  "New Zealand": {
    "num_cities": 52,
    "num_clicks": 2054,
    "num_clicks_per_city": 39.5
  },
  "Niger": {
    "num_cities": 20,
    "num_clicks": 805,
    "num_clicks_per_city": 40.25
  },
  "Nigeria": {
    "num_cities": 70,
    "num_clicks": 336,
    "num_clicks_per_city": 4.8
  },
  "Nordic": {
    "num_cities": 90,
    "num_clicks": 2211,
    "num_clicks_per_city": 24.566666666666666
  },
  "Pakistan": {
    "num_cities": 37,
    "num_clicks": 318,
    "num_clicks_per_city": 8.594594594594595
  },
  "Paraguay": {
    "num_cities": 27,
    "num_clicks": 110,
    "num_clicks_per_city": 4.074074074074074
  },
  "Peru": {
    "num_cities": 56,
    "num_clicks": 583,
    "num_clicks_per_city": 10.410714285714286
  },
  "Philippines": {
    "num_cities": 116,
    "num_clicks": 661,
    "num_clicks_per_city": 5.698275862068965
  },
  "Poland": {
    "num_cities": 26,
    "num_clicks": 233,
    "num_clicks_per_city": 8.961538461538462
  },
  "Polynesia": {
    "num_cities": 137,
    "num_clicks": 1615,
    "num_clicks_per_city": 11.788321167883211
  },
  "Portugal": {
    "num_cities": 20,
    "num_clicks": 954,
    "num_clicks_per_city": 47.7
  },
  "Romania": {
    "num_cities": 42,
    "num_clicks": 920,
    "num_clicks_per_city": 21.904761904761905
  },
  "Russia": {
    "num_cities": 199,
    "num_clicks": 293,
    "num_clicks_per_city": 1.4723618090452262
  },
  "Sahara": {
    "num_cities": 93,
    "num_clicks": 3150,
    "num_clicks_per_city": 33.87096774193548
  },