{
  "Oceania": {
    "num_cities": 366,
    "num_clicks": 1083,
    "num_clicks_per_city": 2.959016393442623
  },
  "NAmerica": {
    "num_cities": 647,
    "num_clicks": 4353,
    "num_clicks_per_city": 6.727975270479135
  },
  "Europe": {
    "num_cities": 722,
    "num_clicks": 5059,
    "num_clicks_per_city": 7.0069252077562325
  },
  "SAmerica": {
    "num_cities": 252,
    "num_clicks": 633,
    "num_clicks_per_city": 2.511904761904762
  },
  "Asia": {
    "num_cities": 391,
    "num_clicks": 864,
    "num_clicks_per_city": 2.209718670076726
  },
  "World": {
    "num_cities": 1246,
    "num_clicks": 9477,
    "num_clicks_per_city": 7.60593900481541
  },
  "Africa": {
    "num_cities": 326,
    "num_clicks": 693,
    "num_clicks_per_city": 2.125766871165644
  }
}