{
  "Oceania": {
    "num_cities": 361,
    "num_clicks": 991,
    "num_clicks_per_city": 2.7451523545706373
  },
  "NAmerica": {
    "num_cities": 640,
    "num_clicks": 3519,
    "num_clicks_per_city": 5.4984375
  },
  "Europe": {
    "num_cities": 719,
    "num_clicks": 4798,
    "num_clicks_per_city": 6.6731571627260085
  },
  "SAmerica": {
    "num_cities": 235,
    "num_clicks": 543,
    "num_clicks_per_city": 2.3106382978723405
  },
  "Asia": {
    "num_cities": 342,
    "num_clicks": 717,
    "num_clicks_per_city": 2.0964912280701755
  },
  "World": {
    "num_cities": 1239,
    "num_clicks": 8419,
    "num_clicks_per_city": 6.79499596448749
  },
  "Africa": {
    "num_cities": 304,
    "num_clicks": 615,
    "num_clicks_per_city": 2.023026315789474
  }
}