{
  "World": {
    "num_cities": 1043,
    "num_clicks": 1112032,
    "num_clicks_per_city": 1066.1860019175456
  },
  "Trivia": {
    "num_cities": 480,
    "num_clicks": 325474,
    "num_clicks_per_city": 678.0708333333333
  },
  "Europe": {
    "num_cities": 582,
    "num_clicks": 556647,
    "num_clicks_per_city": 956.4381443298969
  },
  "Africa": {
    "num_cities": 451,
    "num_clicks": 197156,
    "num_clicks_per_city": 437.1529933481153
  },
  "Asia": {
    "num_cities": 615,
    "num_clicks": 168288,
    "num_clicks_per_city": 273.6390243902439
  },
  "Oceania": {
    "num_cities": 368,
    "num_clicks": 137718,
    "num_clicks_per_city": 374.23369565217394
  },
  "N. America": {
    "num_cities": 636,
    "num_clicks": 436666,
    "num_clicks_per_city": 686.5817610062893
  },
  "S. America": {
    "num_cities": 522,
    "num_clicks": 126432,
    "num_clicks_per_city": 242.20689655172413
  },
  "Afghanistan": {
    "num_cities": 40,
    "num_clicks": 128,
    "num_clicks_per_city": 3.2
  },
  "African Great Lakes": {
    "num_cities": 88,
    "num_clicks": 2487,
    "num_clicks_per_city": 28.261363636363637
  },
  "Algeria": {
    "num_cities": 42,
    "num_clicks": 59,
    "num_clicks_per_city": 1.4047619047619047
  },
  "Alps": {
    "num_cities": 74,
    "num_clicks": 3576,
    "num_clicks_per_city": 48.32432432432432
  },
  "Amazon": {
    "num_cities": 72,
    "num_clicks": 1390,
    "num_clicks_per_city": 19.305555555555557
  },
  "Antarctica": {
    "num_cities": 39,
    "num_clicks": 2890,
    "num_clicks_per_city": 74.1025641025641
  },
  "Arabia": {
    "num_cities": 63,
    "num_clicks": 1776,
    "num_clicks_per_city": 28.19047619047619
  },
  "Arctic": {
    "num_cities": 181,
    "num_clicks": 2029,
    "num_clicks_per_city": 11.209944751381215
  },
  "Argentina": {
    "num_cities": 78,
    "num_clicks": 622,
    "num_clicks_per_city": 7.9743589743589745
  },
  "Australia": {
    "num_cities": 70,
    "num_clicks": 2985,
    "num_clicks_per_city": 42.642857142857146
  },
  "Balkans": {
    "num_cities": 110,
    "num_clicks": 2843,
    "num_clicks_per_city": 25.845454545454544
  },
  "Bangladesh": {
    "num_cities": 15,
    "num_clicks": 18,
    "num_clicks_per_city": 1.2
  },
  "Bolivia": {
    "num_cities": 70,
    "num_clicks": 1185,
    "num_clicks_per_city": 16.928571428571427
  },
  "Brazil": {
    "num_cities": 133,
    "num_clicks": 368,
    "num_clicks_per_city": 2.7669172932330826
  },
  "Cambodia": {
    "num_cities": 18,
    "num_clicks": 36,
    "num_clicks_per_city": 2.0
  },
  "Cameroon": {
    "num_cities": 31,
    "num_clicks": 90,
    "num_clicks_per_city": 2.903225806451613
  },
  "Canada": {
    "num_cities": 81,
    "num_clicks": 3890,
    "num_clicks_per_city": 48.02469135802469
  },
  "Caucuses": {
    "num_cities": 85,
    "num_clicks": 1923,
    "num_clicks_per_city": 22.623529411764707
  },
  "Central African Republic": {
    "num_cities": 19,
    "num_clicks": 26,
    "num_clicks_per_city": 1.368421052631579
  },
  "Chad": {
    "num_cities": 15,
    "num_clicks": 16,
    "num_clicks_per_city": 1.0666666666666667
  },
  "China": {
    "num_cities": 188,
    "num_clicks": 3947,
    "num_clicks_per_city": 20.99468085106383
  },
  "Colombia": {
    "num_cities": 72,
    "num_clicks": 960,
    "num_clicks_per_city": 13.333333333333334
  },
  "Democratic Republic of the Congo": {
    "num_cities": 70,
    "num_clicks": 190,
    "num_clicks_per_city": 2.7142857142857144
  },
  "East Asia": {
    "num_cities": 101,
    "num_clicks": 3100,
    "num_clicks_per_city": 30.693069306930692
  },
  "Egypt": {
    "num_cities": 42,
    "num_clicks": 1354,
    "num_clicks_per_city": 32.23809523809524
  },
  "Estonia": {
    "num_cities": 23,
    "num_clicks": 252,
    "num_clicks_per_city": 10.956521739130435
  },
  "Ethiopia": {
    "num_cities": 36,
    "num_clicks": 909,
    "num_clicks_per_city": 25.25
  },
  "France": {
    "num_cities": 58,
    "num_clicks": 2975,
    "num_clicks_per_city": 51.293103448275865
  },
  "Germany": {
    "num_cities": 58,
    "num_clicks": 5034,
    "num_clicks_per_city": 86.79310344827586
  },
  "Greater Antilles": {
    "num_cities": 143,
    "num_clicks": 3433,
    "num_clicks_per_city": 24.006993006993007
  },
  "Himalayas": {
    "num_cities": 97,
    "num_clicks": 1851,
    "num_clicks_per_city": 19.082474226804123
  },
  "India": {
    "num_cities": 188,
    "num_clicks": 596,
    "num_clicks_per_city": 3.1702127659574466
  },
  "Indochina": {
    "num_cities": 109,
    "num_clicks": 3051,
    "num_clicks_per_city": 27.990825688073393
  },
  "Indonesia": {
    "num_cities": 79,
    "num_clicks": 596,
    "num_clicks_per_city": 7.544303797468355
  },
  "Iran": {
    "num_cities": 64,
    "num_clicks": 765,
    "num_clicks_per_city": 11.953125
  },
  "Iraq": {
    "num_cities": 10,
    "num_clicks": 20,
    "num_clicks_per_city": 2.0
  },
  "Italy": {
    "num_cities": 56,
    "num_clicks": 2420,
    "num_clicks_per_city": 43.214285714285715
  },
  "Japan": {
    "num_cities": 74,
    "num_clicks": 1259,
    "num_clicks_per_city": 17.013513513513512
  },
  "Kazakhstan": {
    "num_cities": 23,
    "num_clicks": 55,
    "num_clicks_per_city": 2.391304347826087
  },
  "Kenya": {
    "num_cities": 61,
    "num_clicks": 742,
    "num_clicks_per_city": 12.163934426229508
  },
  "Kyrgyzstan": {
    "num_cities": 18,
    "num_clicks": 444,
    "num_clicks_per_city": 24.666666666666668
  },
  "Latvia": {
    "num_cities": 24,
    "num_clicks": 28,
    "num_clicks_per_city": 1.1666666666666667
  },
  "Lesser Antilles": {
    "num_cities": 21,
    "num_clicks": 4252,
    "num_clicks_per_city": 202.47619047619048
  },
  "Liechtenstein": {
    "num_cities": 11,
    "num_clicks": 886,
    "num_clicks_per_city": 80.54545454545455
  },
  "Lithuania": {
    "num_cities": 54,
    "num_clicks": 528,
    "num_clicks_per_city": 9.777777777777779
  },
  "Mali": {
    "num_cities": 31,
    "num_clicks": 611,
    "num_clicks_per_city": 19.70967741935484
  },
  "Mesopotamia": {
    "num_cities": 112,
    "num_clicks": 1211,
    "num_clicks_per_city": 10.8125
  },
  "Mexico": {
    "num_cities": 187,
    "num_clicks": 1483,
    "num_clicks_per_city": 7.93048128342246
  },
  "Morocco": {
    "num_cities": 29,
    "num_clicks": 875,
    "num_clicks_per_city": 30.17241379310345
  },
  "Myanmar": {
    "num_cities": 10,
    "num_clicks": 30,
    "num_clicks_per_city": 3.0
  },
  "New Zealand": {
    "num_cities": 52,
    "num_clicks": 2054,
    "num_clicks_per_city": 39.5
  },
  "Niger": {
    "num_cities": 20,
    "num_clicks": 805,
    "num_clicks_per_city": 40.25
  },
  "Nigeria": {
    "num_cities": 70,
    "num_clicks": 336,
    "num_clicks_per_city": 4.8
  },
  "Nordic": {
    "num_cities": 90,
    "num_clicks": 2247,
    "num_clicks_per_city": 24.966666666666665
  },
  "Pakistan": {
    "num_cities": 37,
    "num_clicks": 318,
    "num_clicks_per_city": 8.594594594594595
  },
  "Paraguay": {
    "num_cities": 27,
    "num_clicks": 110,
    "num_clicks_per_city": 4.074074074074074
  },
  "Peru": {
    "num_cities": 56,
    "num_clicks": 583,
    "num_clicks_per_city": 10.410714285714286
  },
  "Philippines": {
    "num_cities": 116,
    "num_clicks": 661,
    "num_clicks_per_city": 5.698275862068965
  },
  "Poland": {
    "num_cities": 26,
    "num_clicks": 233,
    "num_clicks_per_city": 8.961538461538462
  },
  "Polynesia": {
    "num_cities": 137,
    "num_clicks": 1627,
    "num_clicks_per_city": 11.875912408759124
  },
  "Portugal": {
    "num_cities": 20,
    "num_clicks": 954,
    "num_clicks_per_city": 47.7
  },
  "Romania": {
    "num_cities": 42,
    "num_clicks": 920,
    "num_clicks_per_city": 21.904761904761905
  },
  "Russia": {
    "num_cities": 199,
    "num_clicks": 293,
    "num_clicks_per_city": 1.4723618090452262
  },
  "Sahara": {
    "num_cities": 93,
    "num_clicks": 3150,
    "num_clicks_per_city": 33.87096774193548
  },
  "Saudi Arabia": {
    "num_cities": 30,