{
  "World": {
    "num_cities": 1043,
    "num_clicks": 1108281,
    "num_clicks_per_city": 1062.5896452540749
  },
  "Trivia": {
    "num_cities": 478,
    "num_clicks": 318127,
    "num_clicks_per_city": 665.5376569037657
  },
  "Europe": {
    "num_cities": 582,
    "num_clicks": 554978,
    "num_clicks_per_city": 953.5704467353952
  },
  "Africa": {
    "num_cities": 451,
    "num_clicks": 196783,
    "num_clicks_per_city": 436.3259423503326
  },
  "Asia": {
    "num_cities": 615,
    "num_clicks": 168104,
    "num_clicks_per_city": 273.33983739837396
  },
  "Oceania": {
    "num_cities": 368,
    "num_clicks": 136312,
    "num_clicks_per_city": 370.4130434782609
  },
  "N. America": {
    "num_cities": 636,
    "num_clicks": 434306,
    "num_clicks_per_city": 682.87106918239
  },
  "S. America": {
    "num_cities": 522,
    "num_clicks": 126329,
    "num_clicks_per_city": 242.0095785440613
  },
  "Afghanistan": {
    "num_cities": 40,
    "num_clicks": 128,
    "num_clicks_per_city": 3.2
  },
  "African Great Lakes": {
    "num_cities": 88,
    "num_clicks": 2427,
    "num_clicks_per_city": 27.579545454545453
  },
  "Algeria": {
    "num_cities": 42,
    "num_clicks": 59,
    "num_clicks_per_city": 1.4047619047619047
  },
  "Alps": {
    "num_cities": 74,
    "num_clicks": 3576,
    "num_clicks_per_city": 48.32432432432432
  },
  "Amazon": {
    "num_cities": 72,
    "num_clicks": 1313,
    "num_clicks_per_city": 18.23611111111111
  },
  "Antarctica": {
    "num_cities": 39,
    "num_clicks": 2879,
    "num_clicks_per_city": 73.82051282051282
  },
  "Arabia": {
    "num_cities": 63,
    "num_clicks": 1721,
    "num_clicks_per_city": 27.317460317460316
  },
  "Arctic": {
    "num_cities": 181,
    "num_clicks": 1942,
    "num_clicks_per_city": 10.7292817679558
  },
  "Argentina": {
    "num_cities": 78,
    "num_clicks": 622,
    "num_clicks_per_city": 7.9743589743589745
  },
  "Australia": {
    "num_cities": 70,
    "num_clicks": 2675,
    "num_clicks_per_city": 38.214285714285715
  },
  "Balkans": {
    "num_cities": 110,
    "num_clicks": 2832,
    "num_clicks_per_city": 25.745454545454546
  },
  "Bangladesh": {
    "num_cities": 15,
    "num_clicks": 18,
    "num_clicks_per_city": 1.2
  },
  "Bolivia": {
    "num_cities": 70,
    "num_clicks": 1185,
    "num_clicks_per_city": 16.928571428571427
  },
  "Brazil": {
    "num_cities": 133,
    "num_clicks": 368,
    "num_clicks_per_city": 2.7669172932330826
  },
  "Cambodia": {
    "num_cities": 12,
    "num_clicks": 14,
    "num_clicks_per_city": 1.1666666666666667
  },
  "Cameroon": {
    "num_cities": 31,
    "num_clicks": 90,
    "num_clicks_per_city": 2.903225806451613
  },
  "Canada": {
    "num_cities": 81,
    "num_clicks": 3747,
    "num_clicks_per_city": 46.25925925925926
  },
  "Caucuses": {
    "num_cities": 85,
    "num_clicks": 1923,
    "num_clicks_per_city": 22.623529411764707
  },
  "Central African Republic": {
    "num_cities": 19,
    "num_clicks": 26,
    "num_clicks_per_city": 1.368421052631579
  },
  "Chad": {
    "num_cities": 15,
    "num_clicks": 16,
    "num_clicks_per_city": 1.0666666666666667
  },
  "China": {
    "num_cities": 188,
    "num_clicks": 3639,
    "num_clicks_per_city": 19.356382978723403
  },
  "Colombia": {
    "num_cities": 72,
    "num_clicks": 960,
    "num_clicks_per_city": 13.333333333333334
  },
  "Democratic Republic of the Congo": {
    "num_cities": 65,
    "num_clicks": 179,
    "num_clicks_per_city": 2.753846153846154
  },
  "East Asia": {
    "num_cities": 101,
    "num_clicks": 3089,
    "num_clicks_per_city": 30.584158415841586
  },
  "Egypt": {
    "num_cities": 42,
    "num_clicks": 1354,
    "num_clicks_per_city": 32.23809523809524
  },
  "Estonia": {
    "num_cities": 23,
    "num_clicks": 252,
    "num_clicks_per_city": 10.956521739130435
  },
  "Ethiopia": {
    "num_cities": 36,
    "num_clicks": 909,
    "num_clicks_per_city": 25.25
  },
  "France": {
    "num_cities": 58,
    "num_clicks": 2975,
    "num_clicks_per_city": 51.293103448275865
  },
  "Germany": {
    "num_cities": 58,
    "num_clicks": 4446,
    "num_clicks_per_city": 76.65517241379311
  },
  "Greater Antilles": {
    "num_cities": 143,
    "num_clicks": 3147,
    "num_clicks_per_city": 22.006993006993007
  },
  "Himalayas": {
    "num_cities": 97,
    "num_clicks": 1851,
    "num_clicks_per_city": 19.082474226804123
  },
  "India": {
    "num_cities": 186,
    "num_clicks": 585,
    "num_clicks_per_city": 3.1451612903225805
  },
  "Indochina": {
    "num_cities": 109,
    "num_clicks": 3051,
    "num_clicks_per_city": 27.990825688073393
  },
  "Indonesia": {
    "num_cities": 79,
    "num_clicks": 596,
    "num_clicks_per_city": 7.544303797468355
  },
  "Iran": {
    "num_cities": 64,
    "num_clicks": 765,
    "num_clicks_per_city": 11.953125
  },
  "Iraq": {
    "num_cities": 10,
    "num_clicks": 20,
    "num_clicks_per_city": 2.0
  },
  "Italy": {
    "num_cities": 56,
    "num_clicks": 2288,
    "num_clicks_per_city": 40.857142857142854
  },
  "Japan": {
    "num_cities": 74,
    "num_clicks": 1259,
    "num_clicks_per_city": 17.013513513513512
  },
  "Kazakhstan": {
    "num_cities": 23,
    "num_clicks": 55,
    "num_clicks_per_city": 2.391304347826087
  },
  "Kenya": {
    "num_cities": 61,
    "num_clicks": 742,
    "num_clicks_per_city": 12.163934426229508
  },
  "Kyrgyzstan": {
    "num_cities": 18,
    "num_clicks": 422,
    "num_clicks_per_city": 23.444444444444443
  },
  "Latvia": {
    "num_cities": 24,
    "num_clicks": 28,
    "num_clicks_per_city": 1.1666666666666667
  },
  "Lesser Antilles": {
    "num_cities": 21,
    "num_clicks": 4152,
    "num_clicks_per_city": 197.71428571428572
  },
  "Liechtenstein": {
    "num_cities": 11,
    "num_clicks": 691,
    "num_clicks_per_city": 62.81818181818182
  },
  "Lithuania": {
    "num_cities": 54,
    "num_clicks": 528,
    "num_clicks_per_city": 9.777777777777779
  },
  "Mali": {
    "num_cities": 31,
    "num_clicks": 611,
    "num_clicks_per_city": 19.70967741935484
  },
  "Mesopotamia": {
    "num_cities": 112,
    "num_clicks": 1198,
    "num_clicks_per_city": 10.696428571428571
  },
  "Mexico": {
    "num_cities": 187,
    "num_clicks": 1483,
    "num_clicks_per_city": 7.93048128342246
  },
  "Morocco": {
    "num_cities": 29,
    "num_clicks": 875,
    "num_clicks_per_city": 30.17241379310345
  },
  "Myanmar": {
    "num_cities": 10,
    "num_clicks": 30,
    "num_clicks_per_city": 3.0
  },
  "New Zealand": {
    "num_cities": 52,
    "num_clicks": 2054,
    "num_clicks_per_city": 39.5
  },
  "Niger": {
    "num_cities": 17,
    "num_clicks": 772,
    "num_clicks_per_city": 45.411764705882355
  },
  "Nigeria": {
    "num_cities": 70,
    "num_clicks": 336,
    "num_clicks_per_city": 4.8
  },
  "Nordic": {
    "num_cities": 90,
    "num_clicks": 2211,
    "num_clicks_per_city": 24.566666666666666
  },
  "Pakistan": {
    "num_cities": 37,
    "num_clicks": 318,
    "num_clicks_per_city": 8.594594594594595
  },
  "Paraguay": {
    "num_cities": 27,
    "num_clicks": 110,
    "num_clicks_per_city": 4.074074074074074
  },
  "Peru": {
    "num_cities": 56,
    "num_clicks": 583,
    "num_clicks_per_city": 10.410714285714286
  },
  "Philippines": {
    "num_cities": 116,
    "num_clicks": 661,
    "num_clicks_per_city": 5.698275862068965
  },
  "Poland": {
    "num_cities": 26,
    "num_clicks": 233,
    "num_clicks_per_city": 8.961538461538462
  },
  "Polynesia": {
    "num_cities": 137,
    "num_clicks": 1615,
    "num_clicks_per_city": 11.788321167883211
  },
  "Portugal": {
    "num_cities": 20,
    "num_clicks": 943,
    "num_clicks_per_city": 47.15
  },
  "Romania": {
    "num_cities": 42,
    "num_clicks": 920,
    "num_clicks_per_city": 21.904761904761905
  },
  "Russia": {
    "num_cities": 199,
    "num_clicks": 293,
    "num_clicks_per_city": 1.4723618090452262
  },
  "Sahara": {
    "num_cities": 93,
    "num_clicks": 3128,
    "num_clicks_per_city": 33.634408602150536
  },