{
  "Oceania": {
    "num_cities": 361,
    "num_clicks": 998,
    "num_clicks_per_city": 2.7645429362880884
  },
  "NAmerica": {
    "num_cities": 642,
    "num_clicks": 3788,
    "num_clicks_per_city": 5.900311526479751
  },
  "Europe": {
    "num_cities": 722,
    "num_clicks": 4982,
    "num_clicks_per_city": 6.900277008310249
  },
  "SAmerica": {
    "num_cities": 239,
    "num_clicks": 557,
    "num_clicks_per_city": 2.3305439330543933
  },
  "Asia": {
    "num_cities": 358,
    "num_clicks": 728,
    "num_clicks_per_city": 2.0335195530726256
  },
  "World": {
    "num_cities": 1245,
    "num_clicks": 9033,
    "num_clicks_per_city": 7.255421686746988
  },
  "Africa": {
    "num_cities": 304,
    "num_clicks": 615,
    "num_clicks_per_city": 2.023026315789474
  }
}