{
  "Oceania": {
    "num_cities": 361,
    "num_clicks": 991,
    "num_clicks_per_city": 2.7451523545706373
  },
  "NAmerica": {
    "num_cities": 640,
    "num_clicks": 3552,
    "num_clicks_per_city": 5.55
  },
  "Europe": {
    "num_cities": 719,
    "num_clicks": 4864,
    "num_clicks_per_city": 6.764951321279555
  },
  "SAmerica": {
    "num_cities": 238,
    "num_clicks": 546,
    "num_clicks_per_city": 2.2941176470588234
  },
  "Asia": {
    "num_cities": 342,
    "num_clicks": 717,
    "num_clicks_per_city": 2.0964912280701755
  },
  "World": {
    "num_cities": 1239,
    "num_clicks": 8445,
    "num_clicks_per_city": 6.815980629539951
  },
  "Africa": {
    "num_cities": 304,
    "num_clicks": 615,
    "num_clicks_per_city": 2.023026315789474
  }
}