{
  "Oceania": {
    "num_cities": 366,
    "num_clicks": 1095,
    "num_clicks_per_city": 2.9918032786885247
  },
  "NAmerica": {
    "num_cities": 648,
    "num_clicks": 4567,
    "num_clicks_per_city": 7.047839506172839
  },
  "Europe": {
    "num_cities": 725,
    "num_clicks": 5550,
    "num_clicks_per_city": 7.655172413793103
  },
  "SAmerica": {
    "num_cities": 252,
    "num_clicks": 633,
    "num_clicks_per_city": 2.511904761904762
  },
  "Asia": {
    "num_cities": 426,
    "num_clicks": 978,
    "num_clicks_per_city": 2.295774647887324
  },
  "World": {
    "num_cities": 1248,
    "num_clicks": 10309,
    "num_clicks_per_city": 8.260416666666666
  },
  "Africa": {
    "num_cities": 330,
    "num_clicks": 705,
    "num_clicks_per_city": 2.1363636363636362
  }
}