{
  "World": {
    "num_cities": 1043,
    "num_clicks": 1265595,
    "num_clicks_per_city": 1213.418024928092
  },
  "Trivia": {
    "num_cities": 482,
    "num_clicks": 367349,
    "num_clicks_per_city": 762.1348547717843
  },
  "Europe": {
    "num_cities": 582,
    "num_clicks": 604015,
    "num_clicks_per_city": 1037.8264604810997
  },
  "Africa": {
    "num_cities": 451,
    "num_clicks": 213351,
    "num_clicks_per_city": 473.0620842572062
  },
  "Asia": {
    "num_cities": 616,
    "num_clicks": 178388,
    "num_clicks_per_city": 289.59090909090907
  },
  "Oceania": {
    "num_cities": 368,
    "num_clicks": 169438,
    "num_clicks_per_city": 460.42934782608694
  },
  "N. America": {
    "num_cities": 636,
    "num_clicks": 478645,
    "num_clicks_per_city": 752.5864779874214
  },
  "S. America": {
    "num_cities": 522,
    "num_clicks": 139880,
    "num_clicks_per_city": 267.96934865900386
  },
  "Afghanistan": {
    "num_cities": 40,
    "num_clicks": 143,
    "num_clicks_per_city": 3.575
  },
  "African Great Lakes": {
    "num_cities": 88,
    "num_clicks": 3034,
    "num_clicks_per_city": 34.47727272727273
  },
  "Algeria": {
    "num_cities": 51,
    "num_clicks": 99,
    "num_clicks_per_city": 1.9411764705882353
  },
  "Alps": {
    "num_cities": 74,
    "num_clicks": 4519,
    "num_clicks_per_city": 61.067567567567565
  },
  "Amazon": {
    "num_cities": 72,
    "num_clicks": 2726,
    "num_clicks_per_city": 37.861111111111114
  },
  "Antarctica": {
    "num_cities": 40,
    "num_clicks": 3707,
    "num_clicks_per_city": 92.675
  },
  "Arabia": {
    "num_cities": 63,
    "num_clicks": 2484,
    "num_clicks_per_city": 39.42857142857143
  },
  "Arctic": {
    "num_cities": 181,
    "num_clicks": 3361,
    "num_clicks_per_city": 18.569060773480665
  },
  "Argentina": {
    "num_cities": 78,
    "num_clicks": 622,
    "num_clicks_per_city": 7.9743589743589745
  },
  "Australia": {
    "num_cities": 70,
    "num_clicks": 3354,
    "num_clicks_per_city": 47.91428571428571
  },
  "Balkans": {
    "num_cities": 110,
    "num_clicks": 4750,
    "num_clicks_per_city": 43.18181818181818
  },
  "Bangladesh": {
    "num_cities": 16,
    "num_clicks": 1182,
    "num_clicks_per_city": 73.875
  },
  "Benelux": {
    "num_cities": 27,
    "num_clicks": 994,
    "num_clicks_per_city": 36.81481481481482
  },
  "Bolivia": {
    "num_cities": 70,
    "num_clicks": 1196,
    "num_clicks_per_city": 17.085714285714285
  },
  "Brazil": {
    "num_cities": 144,
    "num_clicks": 845,
    "num_clicks_per_city": 5.868055555555555
  },
  "British Isles": {
    "num_cities": 10,
    "num_clicks": 8,
    "num_clicks_per_city": 0.8
  },
  "Cambodia": {
    "num_cities": 22,
    "num_clicks": 50,
    "num_clicks_per_city": 2.272727272727273
  },
  "Cameroon": {
    "num_cities": 31,
    "num_clicks": 767,
    "num_clicks_per_city": 24.741935483870968
  },
  "Canada": {
    "num_cities": 81,
    "num_clicks": 6787,
    "num_clicks_per_city": 83.79012345679013
  },
  "Caucuses": {
    "num_cities": 85,
    "num_clicks": 2630,
    "num_clicks_per_city": 30.941176470588236
  },
  "Central African Republic": {
    "num_cities": 21,
    "num_clicks": 71,
    "num_clicks_per_city": 3.380952380952381
  },
  "Chad": {
    "num_cities": 26,
    "num_clicks": 60,
    "num_clicks_per_city": 2.3076923076923075
  },
  "China": {
    "num_cities": 188,
    "num_clicks": 4222,
    "num_clicks_per_city": 22.45744680851064
  },
  "Colombia": {
    "num_cities": 72,
    "num_clicks": 1159,
    "num_clicks_per_city": 16.09722222222222
  },
  "Democratic Republic of the Congo": {
    "num_cities": 75,
    "num_clicks": 201,
    "num_clicks_per_city": 2.68
  },
  "East Asia": {
    "num_cities": 101,
    "num_clicks": 5144,
    "num_clicks_per_city": 50.93069306930693
  },
  "Egypt": {
    "num_cities": 42,
    "num_clicks": 1443,
    "num_clicks_per_city": 34.357142857142854
  },
  "Estonia": {
    "num_cities": 23,
    "num_clicks": 615,
    "num_clicks_per_city": 26.73913043478261
  },
  "Ethiopia": {
    "num_cities": 36,
    "num_clicks": 926,
    "num_clicks_per_city": 25.72222222222222
  },
  "France": {
    "num_cities": 58,
    "num_clicks": 3018,
    "num_clicks_per_city": 52.03448275862069
  },
  "Germany": {
    "num_cities": 58,
    "num_clicks": 5392,
    "num_clicks_per_city": 92.96551724137932
  },
  "Greater Antilles": {
    "num_cities": 143,
    "num_clicks": 5174,
    "num_clicks_per_city": 36.18181818181818
  },
  "Himalayas": {
    "num_cities": 97,
    "num_clicks": 3728,
    "num_clicks_per_city": 38.43298969072165
  },
  "India": {
    "num_cities": 212,
    "num_clicks": 1679,
    "num_clicks_per_city": 7.919811320754717
  },
  "Indochina": {
    "num_cities": 109,
    "num_clicks": 4319,
    "num_clicks_per_city": 39.62385321100918
  },
  "Indonesia": {
    "num_cities": 79,
    "num_clicks": 629,
    "num_clicks_per_city": 7.962025316455696
  },
  "Iran": {
    "num_cities": 64,
    "num_clicks": 765,
    "num_clicks_per_city": 11.953125
  },
  "Iraq": {
    "num_cities": 27,
    "num_clicks": 98,
    "num_clicks_per_city": 3.6296296296296298
  },
  "Italy": {
    "num_cities": 56,
    "num_clicks": 2488,
    "num_clicks_per_city": 44.42857142857143
  },
  "Japan": {
    "num_cities": 74,
    "num_clicks": 1856,
    "num_clicks_per_city": 25.08108108108108
  },
  "Kazakhstan": {
    "num_cities": 23,
    "num_clicks": 55,
    "num_clicks_per_city": 2.391304347826087
  },
  "Kenya": {
    "num_cities": 61,
    "num_clicks": 761,
    "num_clicks_per_city": 12.475409836065573
  },
  "Kyrgyzstan": {
    "num_cities": 18,
    "num_clicks": 1007,
    "num_clicks_per_city": 55.94444444444444
  },
  "Latvia": {
    "num_cities": 24,
    "num_clicks": 28,
    "num_clicks_per_city": 1.1666666666666667
  },
  "Lesser Antilles": {
    "num_cities": 21,
    "num_clicks": 9969,
    "num_clicks_per_city": 474.7142857142857
  },
  "Liechtenstein": {
    "num_cities": 11,
    "num_clicks": 1198,
    "num_clicks_per_city": 108.9090909090909
  },
  "Lithuania": {
    "num_cities": 54,
    "num_clicks": 1222,
    "num_clicks_per_city": 22.62962962962963
  },
  "Mali": {
    "num_cities": 31,
    "num_clicks": 611,
    "num_clicks_per_city": 19.70967741935484
  },
  "Mesopotamia": {
    "num_cities": 112,
    "num_clicks": 1996,
    "num_clicks_per_city": 17.821428571428573
  },
  "Mexico": {
    "num_cities": 188,
    "num_clicks": 2078,
    "num_clicks_per_city": 11.053191489361701
  },
  "Morocco": {
    "num_cities": 29,
    "num_clicks": 937,
    "num_clicks_per_city": 32.310344827586206
  },
  "Myanmar": {
    "num_cities": 28,
    "num_clicks": 79,
    "num_clicks_per_city": 2.8214285714285716
  },
  "New Zealand": {
    "num_cities": 52,
    "num_clicks": 4445,
    "num_clicks_per_city": 85.48076923076923
  },
  "Niger": {
    "num_cities": 20,
    "num_clicks": 913,
    "num_clicks_per_city": 45.65
  },
  "Nigeria": {
    "num_cities": 71,
    "num_clicks": 358,
    "num_clicks_per_city": 5.042253521126761
  },
  "Nordic": {
    "num_cities": 90,
    "num_clicks": 3754,
    "num_clicks_per_city": 41.71111111111111
  },
  "Pakistan": {
    "num_cities": 39,
    "num_clicks": 359,
    "num_clicks_per_city": 9.205128205128204
  },
  "Paraguay": {
    "num_cities": 29,
    "num_clicks": 121,
    "num_clicks_per_city": 4.172413793103448
  },
  "Peru": {
    "num_cities": 56,
    "num_clicks": 583,
    "num_clicks_per_city": 10.410714285714286
  },
  "Philippines": {
    "num_cities": 118,
    "num_clicks": 891,
    "num_clicks_per_city": 7.5508474576271185
  },
  "Poland": {
    "num_cities": 26,
    "num_clicks": 284,
    "num_clicks_per_city": 10.923076923076923
  },
  "Polynesia": {
    "num_cities": 138,
    "num_clicks": 4148,
    "num_clicks_per_city": 30.057971014492754
  },
  "Portugal": {
    "num_cities": 20,
    "num_clicks": 976,
    "num_clicks_per_city": 48.8
  },
  "Romania": {
    "num_cities": 42,
    "num_clicks": 952,