{
  "Oceania": {
    "num_cities": 366,
    "num_clicks": 1094,
    "num_clicks_per_city": 2.989071038251366
  },
  "NAmerica": {
    "num_cities": 648,
    "num_clicks": 4567,
    "num_clicks_per_city": 7.047839506172839
  },
  "Europe": {
    "num_cities": 725,
    "num_clicks": 5530,
    "num_clicks_per_city": 7.627586206896551
  },
  "SAmerica": {
    "num_cities": 252,
    "num_clicks": 633,
    "num_clicks_per_city": 2.511904761904762
  },
  "Asia": {
    "num_cities": 426,
    "num_clicks": 978,
    "num_clicks_per_city": 2.295774647887324
  },
  "World": {
    "num_cities": 1246,
    "num_clicks": 9860,
    "num_clicks_per_city": 7.913322632423756
  },
  "Africa": {
    "num_cities": 330,
    "num_clicks": 704,
    "num_clicks_per_city": 2.1333333333333333
  }
}