{
  "Oceania": {
    "num_cities": 361,
    "num_clicks": 998,
    "num_clicks_per_city": 2.7645429362880884
  },
  "NAmerica": {
    "num_cities": 640,
    "num_clicks": 3596,
    "num_clicks_per_city": 5.61875
  },
  "Europe": {
    "num_cities": 720,
    "num_clicks": 4893,
    "num_clicks_per_city": 6.795833333333333
  },
  "SAmerica": {
    "num_cities": 239,
    "num_clicks": 557,
    "num_clicks_per_city": 2.3305439330543933
  },
  "Asia": {
    "num_cities": 352,
    "num_clicks": 717,
    "num_clicks_per_city": 2.0369318181818183
  },
  "World": {
    "num_cities": 1239,
    "num_clicks": 8521,
    "num_clicks_per_city": 6.877320419693301
  },
  "Africa": {
    "num_cities": 304,
    "num_clicks": 615,
    "num_clicks_per_city": 2.023026315789474
  }
}