{
  "Oceania": {
    "num_cities": 366,
    "num_clicks": 1072,
    "num_clicks_per_city": 2.92896174863388
  },
  "NAmerica": {
    "num_cities": 647,
    "num_clicks": 4331,
    "num_clicks_per_city": 6.693972179289026
  },
  "Europe": {
    "num_cities": 722,
    "num_clicks": 5019,
    "num_clicks_per_city": 6.9515235457063715
  },
  "SAmerica": {
    "num_cities": 252,
    "num_clicks": 623,
    "num_clicks_per_city": 2.4722222222222223
  },
  "Asia": {
    "num_cities": 376,
    "num_clicks": 828,
    "num_clicks_per_city": 2.202127659574468
  },
  "World": {
    "num_cities": 1245,
    "num_clicks": 9255,
    "num_clicks_per_city": 7.433734939759036
  },
  "Africa": {
    "num_cities": 309,
    "num_clicks": 638,
    "num_clicks_per_city": 2.0647249190938513
  }
}