{
  "Oceania": {
    "num_cities": 366,
    "num_clicks": 1072,
    "num_clicks_per_city": 2.92896174863388
  },
  "NAmerica": {
    "num_cities": 647,
    "num_clicks": 4342,
    "num_clicks_per_city": 6.71097372488408
  },
  "Europe": {
    "num_cities": 722,
    "num_clicks": 5019,
    "num_clicks_per_city": 6.9515235457063715
  },
  "SAmerica": {
    "num_cities": 252,
    "num_clicks": 633,
    "num_clicks_per_city": 2.511904761904762
  },
  "Asia": {
    "num_cities": 379,
    "num_clicks": 836,
    "num_clicks_per_city": 2.2058047493403694
  },
  "World": {
    "num_cities": 1246,
    "num_clicks": 9368,
    "num_clicks_per_city": 7.518459069020866
  },
  "Africa": {
    "num_cities": 324,
    "num_clicks": 682,
    "num_clicks_per_city": 2.1049382716049383
  }
}