{
  "Oceania": {
    "num_cities": 366,
    "num_clicks": 1095,
    "num_clicks_per_city": 2.9918032786885247
  },
  "NAmerica": {
    "num_cities": 648,
    "num_clicks": 4567,
    "num_clicks_per_city": 7.047839506172839
  },
  "Europe": {
    "num_cities": 726,
    "num_clicks": 5727,
    "num_clicks_per_city": 7.8884297520661155
  },
  "SAmerica": {
    "num_cities": 252,
    "num_clicks": 633,
    "num_clicks_per_city": 2.511904761904762
  },
  "Asia": {
    "num_cities": 471,
    "num_clicks": 1135,
    "num_clicks_per_city": 2.4097664543524417
  },
  "World": {
    "num_cities": 1248,
    "num_clicks": 10342,
    "num_clicks_per_city": 8.286858974358974
  },
  "Africa": {
    "num_cities": 330,
    "num_clicks": 705,
    "num_clicks_per_city": 2.1363636363636362
  }
}