{"C\u00facuta, Colombia": {"dists": [], "times": [], "regions": [], "countries": []}, "Canoas, Brazil": {"dists": [], "times": [], "regions": [], "countries": []}, "Quetzaltenango, Guatemala": {"dists": [], "times": [], "regions": [], "countries": []}, "Maracay, Venezuela": {"dists": [], "times": [], "regions": [], "countries": []}, "Trujillo, Peru": {"dists": [1229.5516004143965], "times": [8.166666666666673], "mean_dist": 1229.5516004143965, "mean_time": 8.166666666666673, "std_dist": 0, "std_time": 0, "regions": ["Unknown"], "countries": ["Unknown"]}, "Goi\u00e2nia, Brazil": {"dists": [983.6672300835179, 813.8988049222025, 606.8708095675006], "times": [7.666666666666675, 1.0000000000000253, 7.633333333333342], "mean_dist": 801.4789481910738, "mean_time": 5.433333333333347, "std_dist": 154.07698348409508, "std_time": 3.1348695997453158, "regions": ["Unknown", "Unknown", "Unknown"], "countries": ["Unknown", "Unknown", "Unknown"]}, "Cartagena, Colombia": {"dists": [1886.6027866145332, 237.80449719600068, 1351.8728511635302], "times": [6.2000000000000135, 6.300000000000013, 4.633333333333352], "mean_dist": 1158.7600449913546, "mean_time": 5.711111111111126, "std_dist": 686.8300938505529, "std_time": 0.7631966560477483, "regions": ["Unknown", "Unknown", "Unknown"], "countries": ["Unknown", "Unknown", "Unknown"]}, "Basseterre, Saint Kitts And Nevis": {"dists": [202.11857575854785, 7734.645570903347, 382.5375459944565], "times": [7.866666666666674, 2.9666666666666917, 7.30000000000001], "mean_dist": 2773.1005642187843, "mean_time": 6.0444444444444585, "std_dist": 3509.115215285532, "std_time": 2.1885786582185807, "regions": ["Unknown", "Unknown", "Unknown"], "countries": ["Unknown", "Unknown", "Unknown"]}, "Marigot, Saint Martin": {"dists": [385.81252857405036, 505.8763051742156, 393.96766080057347], "times": [7.666666666666675, 5.7333333333333485, 7.166666666666677], "mean_dist": 428.5521648496131, "mean_time": 6.855555555555566, "std_dist": 54.77769347165643, "std_time": 0.8193644028705135, "regions": ["Unknown", "Unknown", "Unknown"], "countries": ["Unknown", "Unknown", "Unknown"]}, "Saint John's, Antigua And Barbuda": {"dists": [120.22600467225698, 522.9379446708747, 464.30605835633935], "times": [7.30000000000001, 5.33333333333335, 7.733333333333341], "mean_dist": 369.15666923315695, "mean_time": 6.788888888888901, "std_dist": 177.6406134911133, "std_time": 1.0443262344452569, "regions": ["Unknown", "Unknown", "Unknown"], "countries": ["Unknown", "Unknown", "Unknown"]}, "Tucum\u00e1n, Argentina": {"dists": [1181.9670005819169, 127.24474137422969, 1065.490680401232], "times": [6.800000000000011, 6.700000000000012, 5.800000000000015], "mean_dist": 791.5674741191264, "mean_time": 6.433333333333347, "std_dist": 472.1477192729297, "std_time": 0.4496912521077331, "regions": ["Unknown", "Unknown", "Unknown"], "countries": ["Unknown", "Unknown", "Unknown"]}, "Encarnaci\u00f3n, Paraguay": {"dists": [435.9046021661875, 430.56439568128127, 1468.2409028179338], "times": [5.300000000000017, 3.8333333333333552, 6.866666666666678], "mean_dist": 778.2366335551342, "mean_time": 5.33333333333335, "std_dist": 487.91156859414116, "std_time": 1.2385774396758822, "regions": ["Unknown", "Unknown", "Unknown"], "countries": ["Unknown", "Unknown", "Unknown"]}, "Oranjestad, Aruba": {"dists": [785.7526773222733, 1411.5178549684476, 171.97877949969163], "times": [6.6666666666666785, 4.066666666666688, 7.066666666666677], "mean_dist": 789.7497705968041, "mean_time": 5.933333333333348, "std_dist": 506.0476014957938, "std_time": 1.3299958228839956, "regions": ["Unknown", "Unknown", "Unknown"], "countries": ["Unknown", "Unknown", "Unknown"]}, "Ciudad Guayana, Venezuela": {"dists": [559.7527542770553, 236.7549182513447, 416.68054489876636], "times": [0.23333333333335882, 5.033333333333351, 6.16666666666668], "mean_dist": 404.3960724757221, "mean_time": 3.81111111111113, "std_dist": 132.14911203222252, "std_time": 2.5718322238540945, "regions": ["Unknown", "Unknown", "Unknown"], "countries": ["Unknown", "Unknown", "Unknown"]}, "Kingstown, Saint Vincent And The Grenadines": {"dists": [283.5799975470478, 198.64447383185865, 259.96455700688296], "times": [8.13333333333334, 6.933333333333344, 6.133333333333347], "mean_dist": 247.39634279526317, "mean_time": 7.066666666666677, "std_dist": 35.79553792998262, "std_time": 0.8219218670625272, "regions": ["Unknown", "Unknown", "Unknown"], "countries": ["Unknown", "Unknown", "Unknown"]}, "Georgetown, Guyana": {"dists": [547.3131147481913, 67.82256392846045, 919.103614662344], "times": [7.333333333333343, 6.866666666666678, 6.300000000000013], "mean_dist": 511.4130977796652, "mean_time": 6.8333333333333455, "std_dist": 348.45991184869604, "std_time": 0.42251451870736617, "regions": ["Unknown", "Unknown", "Unknown"], "countries": ["Unknown", "Unknown", "Unknown"]}}